gold,pred,time_sec,support,avg_time,var_time
UNK,a,12.300000,174.000000,0.070690,0.001496
a,a,11.090000,168.000000,0.066012,0.000769
a,UNK,12.542000,168.000000,0.074655,0.001171
UNK,i,9.168000,139.000000,0.065957,0.002017
i,UNK,8.984000,131.000000,0.068580,0.001624
i,i,7.618000,128.000000,0.059516,0.001354
UNK,n,6.424000,90.000000,0.071378,0.001450
n,UNK,6.805000,89.000000,0.076461,0.001702
n,n,5.569000,86.000000,0.064756,0.000811
UNK,t,6.090000,79.000000,0.077089,0.001562
t,t,4.139000,56.000000,0.073911,0.001242
t,UNK,4.509000,56.000000,0.080518,0.001135
s,UNK,5.301000,52.000000,0.101942,0.000649
UNK,s,4.550000,50.000000,0.091000,0.000817
s,s,4.382000,49.000000,0.089429,0.000724
UNK,u,3.210000,48.000000,0.066875,0.000776
r,UNK,2.662000,47.000000,0.056638,0.000337
UNK,r,3.160000,47.000000,0.067234,0.002114
u,UNK,3.580000,47.000000,0.076170,0.000681
r,r,2.389000,46.000000,0.051935,0.000342
UNK,d,3.890000,46.000000,0.084565,0.002781
u,u,3.083000,46.000000,0.067022,0.000655
UNK,g,2.640000,44.000000,0.060000,0.001055
UNK,m,3.130000,44.000000,0.071136,0.000442
g,UNK,3.449000,43.000000,0.080209,0.001329
m,m,2.908000,42.000000,0.069238,0.000230
m,UNK,2.931000,42.000000,0.069786,0.000231
d,UNK,3.603000,40.000000,0.090075,0.002727
g,g,2.224000,38.000000,0.058526,0.000664
d,d,2.829000,37.000000,0.076459,0.002818
j,UNK,1.752000,31.000000,0.056516,0.000505
UNK,l,1.840000,28.000000,0.065714,0.000403
l,l,1.714000,27.000000,0.063481,0.000365
l,UNK,1.812000,27.000000,0.067111,0.000257
UNK,k,1.930000,26.000000,0.074231,0.001086
j,j,1.199000,26.000000,0.046115,0.000413
UNK,j,1.540000,26.000000,0.059231,0.001284
k,UNK,1.987000,22.000000,0.090318,0.000325
UNK,ʁ,2.070000,22.000000,0.094091,0.001206
k,k,1.704000,21.000000,0.081143,0.000578
ʁ,ʁ,1.643000,21.000000,0.078238,0.001016
ʁ,UNK,1.840000,21.000000,0.087619,0.001663
w,UNK,1.508000,18.000000,0.083778,0.000860
w,w,1.275000,17.000000,0.075000,0.000465
UNK,w,1.390000,17.000000,0.081765,0.000638
t:,UNK,1.993000,15.000000,0.132867,0.000791
z,UNK,1.338000,15.000000,0.089200,0.000369
UNK,dˤ,1.230000,14.000000,0.087857,0.000731
UNK,f,1.091000,13.000000,0.083923,0.001554
f,UNK,1.180000,13.000000,0.090769,0.001156
dˤ,UNK,1.151000,13.000000,0.088538,0.000064
f,f,1.055000,12.000000,0.087917,0.001442
t:,t,0.541000,12.000000,0.045083,0.000993
dˤ,dˤ,1.050000,12.000000,0.087500,0.000055
a,r,0.286000,11.000000,0.026000,0.000828
b,UNK,0.825000,11.000000,0.075000,0.000813
UNK,b,0.530000,11.000000,0.048182,0.000688
n:,UNK,1.612000,10.000000,0.161200,0.001386
j,i,0.344000,10.000000,0.034400,0.000584
ʃ,ʃ,0.769000,9.000000,0.085444,0.000782
ʃ,UNK,0.822000,9.000000,0.091333,0.000754
UNK,ʃ,0.770000,9.000000,0.085556,0.000780
n:,n:,1.183000,9.000000,0.131444,0.002028
UNK,n:,1.200000,9.000000,0.133333,0.001911
b,b,0.490000,9.000000,0.054444,0.000602
s:,s:,1.341000,9.000000,0.149000,0.000875
s:,UNK,1.452000,9.000000,0.161333,0.000312
UNK,s:,1.350000,9.000000,0.150000,0.000867
z,z,0.803000,9.000000,0.089222,0.000356
UNK,z,0.820000,9.000000,0.091111,0.000321
l:,l:,0.699000,9.000000,0.077667,0.001020
l:,UNK,0.969000,9.000000,0.107667,0.000343
UNK,l:,0.750000,9.000000,0.083333,0.001311
UNK,t:,0.660000,7.000000,0.094286,0.003310
s,t,0.523000,7.000000,0.074714,0.002090
i,n,0.209000,7.000000,0.029857,0.000646
d:,UNK,1.129000,7.000000,0.161286,0.000452
t:,t:,0.638000,6.000000,0.106333,0.002254
a,dˤ,0.080000,6.000000,0.013333,0.000062
m:,UNK,0.850000,6.000000,0.141667,0.000573
rˤ,rˤ,0.293000,6.000000,0.048833,0.000287
UNK,rˤ,0.380000,6.000000,0.063333,0.000522
rˤ,UNK,0.367000,6.000000,0.061167,0.000137
n,t,0.122000,5.000000,0.024400,0.000095
a,g,0.059000,5.000000,0.011800,0.000011
m:,m:,0.569000,5.000000,0.113800,0.001414
UNK,m:,0.590000,5.000000,0.118000,0.001696
i,d,0.047000,5.000000,0.009400,0.000024
tˤ:,tˤ:,0.674000,5.000000,0.134800,0.002798
tˤ:,UNK,0.764000,5.000000,0.152800,0.000321
UNK,tˤ:,0.720000,5.000000,0.144000,0.003504
ʒ,ʒ,0.468000,5.000000,0.093600,0.001228
ʒ,UNK,0.525000,5.000000,0.105000,0.000537
UNK,ʒ,0.520000,5.000000,0.104000,0.001544
q:,q:,0.690000,5.000000,0.138000,0.000266
q:,UNK,0.690000,5.000000,0.138000,0.000266
UNK,q:,0.720000,5.000000,0.144000,0.000104
d:,d:,0.833000,5.000000,0.166600,0.000494
UNK,d:,0.900000,5.000000,0.180000,0.001400
j,a,0.109000,5.000000,0.021800,0.000114
a,s,0.030000,4.000000,0.007500,0.000032
i,r,0.156000,4.000000,0.039000,0.001323
n,i,0.297000,4.000000,0.074250,0.007192
u,r,0.150000,4.000000,0.037500,0.000417
ħ,ħ,0.370000,4.000000,0.092500,0.000669
ħ,UNK,0.383000,4.000000,0.095750,0.000489
UNK,ħ,0.380000,4.000000,0.095000,0.000525
zˤ,zˤ,0.337000,4.000000,0.084250,0.000439
zˤ,UNK,0.337000,4.000000,0.084250,0.000439
UNK,zˤ,0.350000,4.000000,0.087500,0.000619
n,a,0.315000,4.000000,0.078750,0.004498
d,i,0.108000,4.000000,0.027000,0.000469
a,j,0.085000,4.000000,0.021250,0.000204
s,d,0.094000,4.000000,0.023500,0.000008
a,ʁ,0.107000,4.000000,0.026750,0.000089
g,i,0.098000,4.000000,0.024500,0.000127
d:,d,0.268000,4.000000,0.067000,0.000118
a:,a,0.383000,4.000000,0.095750,0.001394
g,n,0.151000,3.000000,0.050333,0.000822
a,w,0.041000,3.000000,0.013667,0.000020
i,g,0.040000,3.000000,0.013333,0.000118
r,k,0.099000,3.000000,0.033000,0.000018
r,ʁ,0.049000,3.000000,0.016333,0.000003
a,d,0.026000,3.000000,0.008667,0.000010
u,j,0.107000,3.000000,0.035667,0.000700
r:,r:,0.370000,3.000000,0.123333,0.000289
r:,UNK,0.400000,3.000000,0.133333,0.000822
UNK,r:,0.460000,3.000000,0.153333,0.000089
l:,i,0.117000,3.000000,0.039000,0.000474
k:,k:,0.375000,3.000000,0.125000,0.000717
k:,UNK,0.375000,3.000000,0.125000,0.000717
UNK,k:,0.420000,3.000000,0.140000,0.000867
k,a,0.031000,3.000000,0.010333,0.000014
i,w,0.063000,3.000000,0.021000,0.000021
z,t,0.230000,3.000000,0.076667,0.000089
n:,n,0.230000,3.000000,0.076667,0.001156
UNK,ɡʷ,0.180000,3.000000,0.060000,0.001267
n,g,0.063000,3.000000,0.021000,0.000062
f,a,0.011000,2.000000,0.005500,0.000002
j,g,0.015000,2.000000,0.007500,0.000002
a,t,0.033000,2.000000,0.016500,0.000042
u,ʁ,0.040000,2.000000,0.020000,0.000025
n,s,0.012000,2.000000,0.006000,0.000001
u,r:,0.060000,2.000000,0.030000,0.000004
i,z,0.017000,2.000000,0.008500,0.000000
l:,g,0.086000,2.000000,0.043000,0.000169
r,i,0.056000,2.000000,0.028000,0.000004
r,n,0.016000,2.000000,0.008000,0.000009
a,k,0.013000,2.000000,0.006500,0.000000
kʷ:,k,0.053000,2.000000,0.026500,0.000012
kʷ:,kʷ,0.020000,2.000000,0.010000,0.000000
UNK,kʷ,0.020000,2.000000,0.010000,0.000000
kʷ:,UNK,0.285000,2.000000,0.142500,0.000156
i,l:,0.040000,2.000000,0.020000,0.000169
a,tˤ:,0.010000,2.000000,0.005000,0.000009
i,ʁ,0.059000,2.000000,0.029500,0.000380
i,t,0.099000,2.000000,0.049500,0.001892
g,d,0.023000,2.000000,0.011500,0.000030
d,g,0.050000,2.000000,0.025000,0.000225
i,m,0.027000,2.000000,0.013500,0.000056
a,rˤ,0.036000,2.000000,0.018000,0.000036
z:,UNK,0.272000,2.000000,0.136000,0.000036
t:,n,0.074000,2.000000,0.037000,0.000961
z,d,0.180000,2.000000,0.090000,0.000400
u,g,0.010000,2.000000,0.005000,0.000009
m:,i,0.108000,2.000000,0.054000,0.002116
g,a,0.015000,2.000000,0.007500,0.000000
d,ʁ,0.011000,2.000000,0.005500,0.000000
m:,m,0.120000,2.000000,0.060000,0.000900
s:,t,0.111000,2.000000,0.055500,0.000240
r,a,0.018000,2.000000,0.009000,0.000001
ʕ,ʕ,0.090000,2.000000,0.045000,0.000225
UNK,ʕ,0.090000,2.000000,0.045000,0.000225
ʕ,UNK,0.126000,2.000000,0.063000,0.000016
ɡʷ,ɡʷ,0.170000,2.000000,0.085000,0.000025
ɡʷ,UNK,0.200000,2.000000,0.100000,0.000400
g,u,0.023000,2.000000,0.011500,0.000006
d,t,0.110000,2.000000,0.055000,0.000025
a:,UNK,0.383000,2.000000,0.191500,0.005112
a,n,0.024000,2.000000,0.012000,0.000121
t:,d,0.110000,2.000000,0.055000,0.000225
sˤ,sˤ,0.170000,2.000000,0.085000,0.001225
UNK,sˤ,0.170000,2.000000,0.085000,0.001225
sˤ,UNK,0.206000,2.000000,0.103000,0.000289
h,a,0.048000,2.000000,0.024000,0.000036
h,h,0.157000,2.000000,0.078500,0.002352
UNK,h,0.210000,2.000000,0.105000,0.005625
h,UNK,0.255000,2.000000,0.127500,0.000000
i:,i,0.100000,2.000000,0.050000,0.000000
i,l,0.006000,1.000000,0.006000,0.000000
d,r,0.026000,1.000000,0.026000,0.000000
i,k,0.009000,1.000000,0.009000,0.000000
q,q,0.130000,1.000000,0.130000,0.000000
q,UNK,0.130000,1.000000,0.130000,0.000000
UNK,q,0.130000,1.000000,0.130000,0.000000
n,l,0.050000,1.000000,0.050000,0.000000
i,t:,0.010000,1.000000,0.010000,0.000000
t:,g,0.050000,1.000000,0.050000,0.000000
l,s,0.041000,1.000000,0.041000,0.000000
l,a,0.006000,1.000000,0.006000,0.000000
ħ,a,0.013000,1.000000,0.013000,0.000000
n,ħ,0.010000,1.000000,0.010000,0.000000
m,a,0.002000,1.000000,0.002000,0.000000
ʃ,a,0.003000,1.000000,0.003000,0.000000
j,n,0.044000,1.000000,0.044000,0.000000
i,zˤ,0.013000,1.000000,0.013000,0.000000
n,r,0.016000,1.000000,0.016000,0.000000
s,r,0.006000,1.000000,0.006000,0.000000
i,s,0.002000,1.000000,0.002000,0.000000
z,l,0.007000,1.000000,0.007000,0.000000
t,d,0.040000,1.000000,0.040000,0.000000
t,a,0.011000,1.000000,0.011000,0.000000
u,m:,0.021000,1.000000,0.021000,0.000000
dz,t,0.090000,1.000000,0.090000,0.000000
dz,UNK,0.090000,1.000000,0.090000,0.000000
z,r,0.020000,1.000000,0.020000,0.000000
s,k:,0.020000,1.000000,0.020000,0.000000
kʷ:,a,0.022000,1.000000,0.022000,0.000000
j,l:,0.011000,1.000000,0.011000,0.000000
l:,d,0.025000,1.000000,0.025000,0.000000
f,k,0.014000,1.000000,0.014000,0.000000
n:,d,0.065000,1.000000,0.065000,0.000000
t,n:,0.017000,1.000000,0.017000,0.000000
l,i,0.006000,1.000000,0.006000,0.000000
w,i,0.026000,1.000000,0.026000,0.000000
dˤ,i,0.012000,1.000000,0.012000,0.000000
l:,dˤ,0.030000,1.000000,0.030000,0.000000
ʒ:,ʒ:,0.140000,1.000000,0.140000,0.000000
ʒ:,UNK,0.140000,1.000000,0.140000,0.000000
UNK,ʒ:,0.140000,1.000000,0.140000,0.000000
u,l,0.004000,1.000000,0.004000,0.000000
t,l,0.029000,1.000000,0.029000,0.000000
w,dˤ:,0.100000,1.000000,0.100000,0.000000
dˤ:,dˤ:,0.084000,1.000000,0.084000,0.000000
dˤ:,UNK,0.084000,1.000000,0.084000,0.000000
rˤ,dˤ:,0.016000,1.000000,0.016000,0.000000
UNK,dˤ:,0.200000,1.000000,0.200000,0.000000
rˤ,d,0.025000,1.000000,0.025000,0.000000
g,s,0.004000,1.000000,0.004000,0.000000
rˤ,dˤ,0.033000,1.000000,0.033000,0.000000
w,u,0.030000,1.000000,0.030000,0.000000
w,a,0.077000,1.000000,0.077000,0.000000
z:,t,0.130000,1.000000,0.130000,0.000000
ʒ,l,0.013000,1.000000,0.013000,0.000000
l,u,0.009000,1.000000,0.009000,0.000000
t,g,0.010000,1.000000,0.010000,0.000000
m,q:,0.015000,1.000000,0.015000,0.000000
k,ʁ,0.041000,1.000000,0.041000,0.000000
ʁ`,ʁ,0.120000,1.000000,0.120000,0.000000
ʁ`,UNK,0.120000,1.000000,0.120000,0.000000
d,j,0.001000,1.000000,0.001000,0.000000
d,m,0.010000,1.000000,0.010000,0.000000
g,m,0.060000,1.000000,0.060000,0.000000
z,a,0.020000,1.000000,0.020000,0.000000
d:,a,0.013000,1.000000,0.013000,0.000000
d:,q:,0.015000,1.000000,0.015000,0.000000
s,w,0.011000,1.000000,0.011000,0.000000
a,l,0.017000,1.000000,0.017000,0.000000
m:,u,0.030000,1.000000,0.030000,0.000000
m:,b,0.023000,1.000000,0.023000,0.000000
u,b,0.007000,1.000000,0.007000,0.000000
i,u,0.013000,1.000000,0.013000,0.000000
b,r,0.104000,1.000000,0.104000,0.000000
s,k,0.008000,1.000000,0.008000,0.000000
g,t,0.013000,1.000000,0.013000,0.000000
t,f,0.006000,1.000000,0.006000,0.000000
i,d:,0.008000,1.000000,0.008000,0.000000
k,i,0.024000,1.000000,0.024000,0.000000
r,g,0.006000,1.000000,0.006000,0.000000
a,i,0.042000,1.000000,0.042000,0.000000
ʕ,i,0.021000,1.000000,0.021000,0.000000
ʕ,z:,0.008000,1.000000,0.008000,0.000000
z:,z:,0.142000,1.000000,0.142000,0.000000
UNK,z:,0.150000,1.000000,0.150000,0.000000
ɡʷ:,g,0.010000,1.000000,0.010000,0.000000
ɡʷ:,ɡʷ,0.010000,1.000000,0.010000,0.000000
ɡʷ:,a,0.030000,1.000000,0.030000,0.000000
ɡʷ:,UNK,0.177000,1.000000,0.177000,0.000000
m,i,0.006000,1.000000,0.006000,0.000000
u,m,0.005000,1.000000,0.005000,0.000000
i,a,0.037000,1.000000,0.037000,0.000000
t,k:,0.020000,1.000000,0.020000,0.000000
a,k:,0.005000,1.000000,0.005000,0.000000
n:,i,0.042000,1.000000,0.042000,0.000000
t,s:,0.009000,1.000000,0.009000,0.000000
u,dˤ,0.009000,1.000000,0.009000,0.000000
g,k,0.030000,1.000000,0.030000,0.000000
n:,j,0.092000,1.000000,0.092000,0.000000
n,d,0.029000,1.000000,0.029000,0.000000
u,d:,0.006000,1.000000,0.006000,0.000000
g,ʒ,0.052000,1.000000,0.052000,0.000000
i,j,0.056000,1.000000,0.056000,0.000000
l,n,0.036000,1.000000,0.036000,0.000000
b,u,0.012000,1.000000,0.012000,0.000000
z,s,0.060000,1.000000,0.060000,0.000000
tˤ:,f,0.030000,1.000000,0.030000,0.000000
s,g,0.017000,1.000000,0.017000,0.000000
r:,a,0.030000,1.000000,0.030000,0.000000
r,u,0.010000,1.000000,0.010000,0.000000
b,d,0.085000,1.000000,0.085000,0.000000
k,r,0.007000,1.000000,0.007000,0.000000
sˤ,tˤ:,0.036000,1.000000,0.036000,0.000000
i,rˤ,0.013000,1.000000,0.013000,0.000000
r,s,0.019000,1.000000,0.019000,0.000000
t,ʃ,0.001000,1.000000,0.001000,0.000000
ʃ,t:,0.006000,1.000000,0.006000,0.000000
a,t:,0.006000,1.000000,0.006000,0.000000
a,b,0.010000,1.000000,0.010000,0.000000
b,n,0.007000,1.000000,0.007000,0.000000
ʕ,t,0.007000,1.000000,0.007000,0.000000
u,rˤ,0.038000,1.000000,0.038000,0.000000
ɡʷ,r:,0.030000,1.000000,0.030000,0.000000
χ,χ,0.110000,1.000000,0.110000,0.000000
χ,UNK,0.110000,1.000000,0.110000,0.000000
UNK,χ,0.110000,1.000000,0.110000,0.000000
a,h,0.026000,1.000000,0.026000,0.000000
i,h,0.027000,1.000000,0.027000,0.000000
s,a,0.007000,1.000000,0.007000,0.000000
b,i,0.009000,1.000000,0.009000,0.000000
b,d:,0.053000,1.000000,0.053000,0.000000
i:,UNK,0.100000,1.000000,0.100000,0.000000
b:,b:,0.160000,1.000000,0.160000,0.000000
b:,UNK,0.160000,1.000000,0.160000,0.000000
UNK,b:,0.160000,1.000000,0.160000,0.000000
g:,g:,0.140000,1.000000,0.140000,0.000000
g:,UNK,0.140000,1.000000,0.140000,0.000000
UNK,g:,0.140000,1.000000,0.140000,0.000000
ʁ,a,0.009000,1.000000,0.009000,0.000000
ʒ,d,0.044000,1.000000,0.044000,0.000000
ʃ,t,0.019000,1.000000,0.019000,0.000000
i,dˤ,0.028000,1.000000,0.028000,0.000000